,,,,,,,,,,,,,,,,,,,,,,,,,,,,,
Transient heat conduction in 1D,,,,,,,,node ID,,,,,,,,,,,,,,,,,,,,,
Explicit formulation ,,,,,,,,1,2,3,4,5,6,7,8,9,10,11,,,,,,,,,,,
,,,,,,,,position of the node within the wall: x (m),,,,,,,,,,,,,,,,,,,,,
,,,,,,,,0,0.02,0.04,0.06,0.08,0.1,0.12,0.14,0.16,0.18,0.2,,,,,,,,,,,
,,,,,,,,thickness of the control volume (m),,,,,,,,,,,,,,,,,,Post-processed using temperature results,,,
,,,,,,,,0.01,0.02,0.02,0.02,0.02,0.02,0.02,0.02,0.02,0.02,0.01,,,,temperature imposed at node B,,,,,,,heat flux from boundary node B
,,,,Hour,Time-Step ID,Time (s),Imposed Air Temperature at Boundary A                     ? ,Calculated Temperature (°C) ,,,,,,,,,,,Imposed Air Temperature at Boundary B                     ? ,Temperature Imposed at t=0                         ? ,,,,,,heat flux from node at boundary A       (W/m^2),energy flow during the time-step (kJ/m^2),,
,,,,00:00,1,0,21.0,20.1,20.0,20.0,19.9,19.8,19.7,19.6,19.5,19.4,19.3,19.1,19.3,,,,,,,-3.6,-1.3,,
Discretisation,,,,,2,360,21.0,20.1,20.0,20.0,19.9,19.8,19.7,19.6,19.5,19.4,19.3,19.3,19.3,,,,,,,-3.6,-1.3,,
,dx,0.02,m,,3,720,21.0,20.1,20.0,20.0,19.9,19.8,19.7,19.6,19.5,19.4,19.3,19.3,19.3,,,,,,,-3.6,-1.3,,
,dt,360,s,,4,1080,21.0,20.1,20.0,20.0,19.9,19.8,19.7,19.6,19.5,19.4,19.3,19.3,19.2,,,,,,,-3.6,-1.3,,
,,,,,5,1440,21.0,20.1,20.0,20.0,19.9,19.8,19.7,19.6,19.5,19.4,19.4,19.3,19.2,,,,,,,-3.6,-1.3,,
Concrete,,,,,6,1800,21.0,20.1,20.0,20.0,19.9,19.8,19.7,19.6,19.5,19.4,19.4,19.4,19.2,,,,,,,-3.6,-1.3,,
Material properties,,,,,7,2160,21.0,20.1,20.0,20.0,19.9,19.8,19.7,19.6,19.5,19.4,19.4,19.3,19.1,,,,,,,-3.6,-1.3,,
,k,1.05,W/m^3.K,,8,2520,21.0,20.1,20.0,20.0,19.9,19.8,19.7,19.6,19.5,19.5,19.4,19.4,19.1,,,,,,,-3.6,-1.3,,
,?,2400,kg/m^3,,9,2880,21.0,20.1,20.0,20.0,19.9,19.8,19.7,19.6,19.5,19.5,19.4,19.3,19.0,,,,,,,-3.6,-1.3,,
,C,840,J/kg.K,,10,3240,21.0,20.1,20.0,19.9,19.9,19.8,19.7,19.6,19.5,19.5,19.4,19.4,19.0,,temperature across the wall in different times,,,,,-3.6,-1.3,,
,a,5.20833E-07,m^2/s,01:00,11,3600,21.0,20.1,20.0,19.9,19.9,19.8,19.7,19.6,19.5,19.5,19.4,19.3,18.9,,,,,,,-3.6,-1.3,,
stability criterion,,,,,12,3960,21.0,20.1,20.0,19.9,19.9,19.8,19.7,19.6,19.5,19.5,19.4,19.3,18.9,,,,,,,-3.6,-1.3,,
,Fo,0.46875,(-),,13,4320,21.0,20.1,20.0,19.9,19.9,19.8,19.7,19.6,19.6,19.5,19.4,19.3,18.8,,,,,,,-3.6,-1.3,,
Indoor conv transfer coeff.,,,,,14,4680,21.0,20.1,20.0,19.9,19.9,19.8,19.7,19.6,19.5,19.5,19.4,19.3,18.8,,,,,,,-3.6,-1.3,,
,,4,W/m^2.K,,15,5040,21.0,20.1,20.0,19.9,19.9,19.8,19.7,19.6,19.6,19.5,19.4,19.3,18.7,,,,,,,-3.7,-1.3,,
,Bi_i,0.076190476,(-),,16,5400,21.0,20.1,20.0,19.9,19.9,19.8,19.7,19.6,19.6,19.5,19.4,19.3,18.7,,,,,,,-3.7,-1.3,,
,FoBi_i,0.04,(-),,17,5760,21.0,20.1,20.0,19.9,19.9,19.8,19.7,19.6,19.6,19.5,19.4,19.3,18.6,,,,,,,-3.7,-1.3,,
,,,,,18,6120,21.0,20.1,20.0,19.9,19.9,19.8,19.7,19.6,19.6,19.5,19.4,19.3,18.6,,,,,,,-3.7,-1.3,,
Concrete conv transfer coeff.,,,,,19,6480,21.0,20.1,20.0,19.9,19.9,19.8,19.7,19.6,19.6,19.5,19.4,19.3,18.6,,,,,,,-3.7,-1.3,,
,,9,W/m^2.K,,20,6840,21.0,20.1,20.0,19.9,19.9,19.8,19.7,19.6,19.5,19.5,19.4,19.3,18.5,,,,,,,-3.7,-1.3,,
,Bi_c,0.171428571,(-),02:00,21,7200,21.0,20.1,20.0,19.9,19.9,19.8,19.7,19.6,19.5,19.5,19.4,19.2,18.5,,,,,,,-3.7,-1.3,,
,FoBi_c,0.08,(-),,22,7560,21.0,20.1,20.0,19.9,19.9,19.8,19.7,19.6,19.5,19.5,19.3,19.2,18.5,,,,,,,-3.7,-1.3,,
,,,,,23,7920,21.0,20.1,20.0,19.9,19.9,19.8,19.7,19.6,19.5,19.4,19.3,19.2,18.5,,,,,,,-3.7,-1.3,,
,,,,,24,8280,21.0,20.1,20.0,19.9,19.9,19.8,19.7,19.6,19.5,19.4,19.3,19.2,18.5,,,,,,,-3.7,-1.3,,
,,,,,25,8640,21.0,20.1,20.0,19.9,19.9,19.8,19.7,19.6,19.5,19.4,19.3,19.2,18.5,,,,,,,-3.7,-1.3,,
,,,,,26,9000,21.0,20.1,20.0,19.9,19.9,19.8,19.7,19.6,19.5,19.4,19.3,19.2,18.5,,,,,,,-3.7,-1.3,,
,0.46875,,,,27,9360,21.0,20.1,20.0,19.9,19.9,19.8,19.7,19.6,19.5,19.4,19.3,19.2,18.6,,,,,,,-3.7,-1.3,,
,,,,,28,9720,21.0,20.1,20.0,19.9,19.9,19.8,19.7,19.6,19.5,19.4,19.3,19.2,18.6,,,,,,,-3.7,-1.3,,
,,,,,29,10080,21.0,20.1,20.0,19.9,19.9,19.8,19.7,19.6,19.5,19.4,19.3,19.2,18.6,,,,,,,-3.7,-1.3,,
,,,,,30,10440,21.0,20.1,20.0,19.9,19.9,19.8,19.7,19.6,19.5,19.4,19.3,19.2,18.6,,,,,,,-3.7,-1.3,,
,,,,03:00,31,10800,21.0,20.1,20.0,19.9,19.9,19.8,19.7,19.6,19.5,19.4,19.3,19.2,18.7,,,,,,,-3.7,-1.3,,
,,,,,32,11160,21.0,20.1,20.0,19.9,19.8,19.8,19.7,19.6,19.5,19.4,19.3,19.2,18.7,,,,,,,-3.7,-1.3,,
,,,,,33,11520,21.0,20.1,20.0,19.9,19.8,19.8,19.7,19.6,19.5,19.4,19.3,19.2,18.7,,,,,,,-3.7,-1.3,,
,,,,,34,11880,21.0,20.1,20.0,19.9,19.8,19.8,19.7,19.6,19.5,19.4,19.3,19.2,18.7,,,,,,,-3.7,-1.3,,
,,,,,35,12240,21.0,20.1,20.0,19.9,19.8,19.8,19.7,19.6,19.5,19.4,19.3,19.2,18.8,,,,,,,-3.7,-1.3,,
,,,,,36,12600,21.0,20.1,20.0,19.9,19.8,19.8,19.7,19.6,19.5,19.4,19.3,19.2,18.8,,,,,,,-3.7,-1.3,,
,,,,,37,12960,21.0,20.1,20.0,19.9,19.8,19.8,19.7,19.6,19.5,19.4,19.3,19.2,18.8,,,,,,,-3.7,-1.3,,
,,,,,38,13320,21.0,20.1,20.0,19.9,19.8,19.8,19.7,19.6,19.5,19.4,19.3,19.2,18.8,,,,,,,-3.7,-1.3,,
,,,,,39,13680,21.0,20.1,20.0,19.9,19.8,19.8,19.7,19.6,19.5,19.4,19.3,19.3,18.8,,,,,,,-3.7,-1.3,,
,,,,,40,14040,21.0,20.1,20.0,19.9,19.8,19.8,19.7,19.6,19.5,19.4,19.3,19.3,18.8,,,,,,,-3.7,-1.3,,
,,,,04:00,41,14400,21.0,20.1,20.0,19.9,19.8,19.8,19.7,19.6,19.5,19.4,19.3,19.3,18.8,,,,,,,-3.8,-1.4,,
,,,,,42,14760,21.0,20.1,20.0,19.9,19.8,19.8,19.7,19.6,19.5,19.4,19.3,19.3,18.8,,,,,,,-3.8,-1.4,,
,,,,,43,15120,21.0,20.1,20.0,19.9,19.8,19.8,19.7,19.6,19.5,19.4,19.3,19.3,18.8,,,,,,,-3.8,-1.4,,
,,,,,44,15480,21.0,20.1,20.0,19.9,19.8,19.8,19.7,19.6,19.5,19.4,19.3,19.3,18.8,,,,,,,-3.8,-1.4,,
,,,,,45,15840,21.0,20.1,20.0,19.9,19.8,19.8,19.7,19.6,19.5,19.4,19.3,19.3,18.8,,,,,,,-3.8,-1.4,,
,,,,,46,16200,21.0,20.1,20.0,19.9,19.8,19.8,19.7,19.6,19.5,19.4,19.3,19.3,18.7,,,,,,,-3.8,-1.4,,
,,,,,47,16560,21.0,20.1,20.0,19.9,19.8,19.8,19.7,19.6,19.5,19.4,19.3,19.3,18.7,,,,,,,-3.8,-1.4,,
,,,,,48,16920,21.0,20.1,20.0,19.9,19.8,19.7,19.7,19.6,19.5,19.4,19.3,19.2,18.7,,,,,,,-3.8,-1.4,,
,,,,,49,17280,21.0,20.1,20.0,19.9,19.8,19.7,19.7,19.6,19.5,19.4,19.3,19.2,18.7,,,,,,,-3.8,-1.4,,
,,,,,50,17640,21.0,20.1,20.0,19.9,19.8,19.7,19.7,19.6,19.5,19.4,19.3,19.2,18.7,,,,,,,-3.8,-1.4,,
,,,,05:00,51,18000,21.0,20.1,20.0,19.9,19.8,19.7,19.7,19.6,19.5,19.4,19.3,19.2,18.6,,,,,,,-3.8,-1.4,,
,,,,,52,18360,21.0,20.1,20.0,19.9,19.8,19.7,19.7,19.6,19.5,19.4,19.3,19.2,18.6,,,,,,,-3.8,-1.4,,
,,,,,53,18720,21.0,20.1,20.0,19.9,19.8,19.7,19.7,19.6,19.5,19.4,19.3,19.2,18.6,,,,,,,-3.8,-1.4,,
,,,,,54,19080,21.0,20.0,20.0,19.9,19.8,19.7,19.7,19.6,19.5,19.4,19.3,19.2,18.6,,,,,,,-3.8,-1.4,,
,,,,,55,19440,21.0,20.0,20.0,19.9,19.8,19.7,19.7,19.6,19.5,19.4,19.3,19.2,18.6,,,,,,,-3.8,-1.4,,
,,,,,56,19800,21.0,20.0,20.0,19.9,19.8,19.7,19.7,19.6,19.5,19.4,19.3,19.2,18.6,,,,,,,-3.8,-1.4,,
,,,,,57,20160,21.0,20.0,20.0,19.9,19.8,19.7,19.7,19.6,19.5,19.4,19.3,19.2,18.6,,,,,,,-3.8,-1.4,,
,,,,,58,20520,21.0,20.0,20.0,19.9,19.8,19.7,19.7,19.6,19.5,19.4,19.3,19.2,18.6,,,,,,,-3.8,-1.4,,
,,,,,59,20880,21.0,20.0,20.0,19.9,19.8,19.7,19.7,19.6,19.5,19.4,19.3,19.2,18.6,,,,,,,-3.8,-1.4,,
,,,,,60,21240,21.0,20.0,20.0,19.9,19.8,19.7,19.7,19.6,19.5,19.4,19.3,19.2,18.6,,,,,,,-3.8,-1.4,,
,,,,06:00,61,21600,21.0,20.0,20.0,19.9,19.8,19.7,19.7,19.6,19.5,19.4,19.3,19.2,18.6,,,,,,,-3.8,-1.4,,
,,,,,62,21960,21.0,20.0,20.0,19.9,19.8,19.7,19.7,19.6,19.5,19.4,19.3,19.2,18.6,,,,,,,-3.8,-1.4,,
,,,,,63,22320,21.0,20.0,20.0,19.9,19.8,19.7,19.7,19.6,19.5,19.4,19.3,19.2,18.6,,,,,,,-3.8,-1.4,,
,,,,,64,22680,21.0,20.0,20.0,19.9,19.8,19.7,19.7,19.6,19.5,19.4,19.3,19.2,18.6,,,,,,,-3.8,-1.4,,
,,,,,65,23040,21.0,20.0,20.0,19.9,19.8,19.7,19.7,19.6,19.5,19.4,19.3,19.2,18.6,,,,,,,-3.8,-1.4,,
,,,,,66,23400,21.0,20.0,20.0,19.9,19.8,19.7,19.7,19.6,19.5,19.4,19.3,19.2,18.6,,,,,,,-3.8,-1.4,,
,,,,,67,23760,21.0,20.0,20.0,19.9,19.8,19.7,19.6,19.6,19.5,19.4,19.3,19.2,18.7,,,,,,,-3.8,-1.4,,
,,,,,68,24120,21.0,20.0,20.0,19.9,19.8,19.7,19.6,19.6,19.5,19.4,19.3,19.2,18.7,,,,,,,-3.8,-1.4,,
,,,,,69,24480,21.0,20.0,20.0,19.9,19.8,19.7,19.6,19.6,19.5,19.4,19.3,19.2,18.7,,,,,,,-3.8,-1.4,,
,,,,,70,24840,21.0,20.0,20.0,19.9,19.8,19.7,19.6,19.6,19.5,19.4,19.3,19.2,18.7,,,,,,,-3.8,-1.4,,
,,,,07:00,71,25200,21.0,20.0,20.0,19.9,19.8,19.7,19.6,19.6,19.5,19.4,19.3,19.2,18.8,,,,,,,-3.9,-1.4,,
,,,,,72,25560,21.0,20.0,20.0,19.9,19.8,19.7,19.6,19.6,19.5,19.4,19.3,19.2,18.8,,,,,,,-3.9,-1.4,,
,,,,,73,25920,21.0,20.0,20.0,19.9,19.8,19.7,19.6,19.6,19.5,19.4,19.3,19.2,18.8,,,,,,,-3.9,-1.4,,
,,,,,74,26280,21.0,20.0,20.0,19.9,19.8,19.7,19.6,19.6,19.5,19.4,19.3,19.2,18.8,,,,,,,-3.9,-1.4,,
,,,,,75,26640,21.0,20.0,20.0,19.9,19.8,19.7,19.6,19.6,19.5,19.4,19.3,19.2,18.8,,,,,,,-3.9,-1.4,,
,,,,,76,27000,21.0,20.0,20.0,19.9,19.8,19.7,19.6,19.6,19.5,19.4,19.3,19.2,18.8,,,,,,,-3.9,-1.4,,
,,,,,77,27360,21.0,20.0,20.0,19.9,19.8,19.7,19.6,19.6,19.5,19.4,19.3,19.2,18.8,,,,,,,-3.9,-1.4,,
,,,,,78,27720,21.0,20.0,20.0,19.9,19.8,19.7,19.6,19.6,19.5,19.4,19.3,19.2,18.8,,,,,,,-3.9,-1.4,,
,,,,,79,28080,21.0,20.0,20.0,19.9,19.8,19.7,19.6,19.6,19.5,19.4,19.3,19.2,18.8,,,,,,,-3.9,-1.4,,
,,,,,80,28440,21.0,20.0,20.0,19.9,19.8,19.7,19.6,19.6,19.5,19.4,19.3,19.2,18.8,,,,,,,-3.9,-1.4,,
,,,,08:00,81,28800,21.0,20.0,20.0,19.9,19.8,19.7,19.6,19.6,19.5,19.4,19.3,19.2,18.8,,,,,,,-3.9,-1.4,,
,,,,,82,29160,21.0,20.0,20.0,19.9,19.8,19.7,19.6,19.6,19.5,19.4,19.3,19.2,18.8,,,,,,,-3.9,-1.4,,
,,,,,83,29520,21.0,20.0,20.0,19.9,19.8,19.7,19.6,19.6,19.5,19.4,19.3,19.2,18.8,,,,,,,-3.9,-1.4,,
,,,,,84,29880,21.0,20.0,20.0,19.9,19.8,19.7,19.6,19.6,19.5,19.4,19.3,19.2,18.8,,,,,,,-3.9,-1.4,,
,,,,,85,30240,21.0,20.0,19.9,19.9,19.8,19.7,19.6,19.6,19.5,19.4,19.3,19.2,18.8,,,,,,,-3.9,-1.4,,
,,,,,86,30600,21.0,20.0,19.9,19.9,19.8,19.7,19.6,19.6,19.5,19.4,19.3,19.2,18.8,,,,,,,-3.9,-1.4,,
,,,,,87,30960,21.0,20.0,19.9,19.9,19.8,19.7,19.6,19.6,19.5,19.4,19.3,19.2,18.8,,,,,,,-3.9,-1.4,,
,,,,,88,31320,21.0,20.0,19.9,19.9,19.8,19.7,19.6,19.6,19.5,19.4,19.3,19.2,18.8,,,,,,,-3.9,-1.4,,
,,,,,89,31680,21.0,20.0,19.9,19.9,19.8,19.7,19.6,19.6,19.5,19.4,19.3,19.2,18.8,,,,,,,-3.9,-1.4,,
,,,,,90,32040,21.0,20.0,19.9,19.9,19.8,19.7,19.6,19.6,19.5,19.4,19.3,19.2,18.8,,,,,,,-3.9,-1.4,,
,,,,09:00,91,32400,21.0,20.0,19.9,19.9,19.8,19.7,19.6,19.6,19.5,19.4,19.3,19.2,18.8,,,,,,,-3.9,-1.4,,
,,,,,92,32760,21.0,20.0,19.9,19.9,19.8,19.7,19.6,19.6,19.5,19.4,19.3,19.2,18.8,,,,,,,-3.9,-1.4,,
,,,,,93,33120,21.0,20.0,19.9,19.9,19.8,19.7,19.6,19.6,19.5,19.4,19.3,19.2,18.8,,,,,,,-3.9,-1.4,,
,,,,,94,33480,21.0,20.0,19.9,19.9,19.8,19.7,19.6,19.6,19.5,19.4,19.3,19.2,18.8,,,,,,,-3.9,-1.4,,
,,,,,95,33840,21.0,20.0,19.9,19.9,19.8,19.7,19.6,19.6,19.5,19.4,19.3,19.2,18.8,,,,,,,-3.9,-1.4,,
,,,,,96,34200,21.0,20.0,19.9,19.9,19.8,19.7,19.6,19.6,19.5,19.4,19.3,19.2,18.8,,,,,,,-3.9,-1.4,,
,,,,,97,34560,21.0,20.0,19.9,19.9,19.8,19.7,19.6,19.6,19.5,19.4,19.3,19.2,18.8,,,,,,,-3.9,-1.4,,
,,,,,98,34920,21.0,20.0,19.9,19.9,19.8,19.7,19.6,19.6,19.5,19.4,19.3,19.3,18.8,,,,,,,-3.9,-1.4,,
,,,,,99,35280,21.0,20.0,19.9,19.9,19.8,19.7,19.6,19.6,19.5,19.4,19.3,19.3,18.9,,,,,,,-3.9,-1.4,,
,,,,,100,35640,21.0,20.0,19.9,19.9,19.8,19.7,19.6,19.6,19.5,19.4,19.3,19.3,18.9,,,,,,,-3.9,-1.4,,
,,,,10:00,101,36000,21.0,20.0,19.9,19.9,19.8,19.7,19.6,19.6,19.5,19.4,19.3,19.3,18.9,,,,,,,-3.9,-1.4,,
,,,,,102,36360,21.0,20.0,19.9,19.9,19.8,19.7,19.6,19.6,19.5,19.4,19.3,19.3,18.9,,,,,,,-3.9,-1.4,,
,,,,,103,36720,21.0,20.0,19.9,19.9,19.8,19.7,19.6,19.6,19.5,19.4,19.3,19.3,18.9,,,,,,,-3.9,-1.4,,
,,,,,104,37080,21.0,20.0,19.9,19.9,19.8,19.7,19.6,19.6,19.5,19.4,19.3,19.3,19.0,,,,,,,-3.9,-1.4,,
,,,,,105,37440,21.0,20.0,19.9,19.9,19.8,19.7,19.6,19.6,19.5,19.4,19.3,19.3,19.0,,,,,,,-3.9,-1.4,,
,,,,,106,37800,21.0,20.0,19.9,19.9,19.8,19.7,19.6,19.6,19.5,19.4,19.3,19.3,19.0,,,,,,,-3.9,-1.4,,
,,,,,107,38160,21.0,20.0,19.9,19.9,19.8,19.7,19.6,19.6,19.5,19.4,19.4,19.3,19.1,,,,,,,-3.9,-1.4,,
,,,,,108,38520,21.0,20.0,19.9,19.9,19.8,19.7,19.6,19.6,19.5,19.4,19.4,19.3,19.1,,,,,,,-3.9,-1.4,,
,,,,,109,38880,21.0,20.0,19.9,19.9,19.8,19.7,19.6,19.6,19.5,19.4,19.4,19.3,19.1,,,,,,,-3.9,-1.4,,
,,,,,110,39240,21.0,20.0,19.9,19.9,19.8,19.7,19.6,19.6,19.5,19.4,19.4,19.3,19.1,,,,,,,-3.9,-1.4,,
,,,,11:00,111,39600,21.0,20.0,19.9,19.9,19.8,19.7,19.6,19.6,19.5,19.4,19.4,19.3,19.2,,,,,,,-3.9,-1.4,,
,,,,,112,39960,21.0,20.0,19.9,19.9,19.8,19.7,19.6,19.6,19.5,19.4,19.4,19.3,19.2,,,,,,,-3.9,-1.4,,
,,,,,113,40320,21.0,20.0,19.9,19.9,19.8,19.7,19.6,19.6,19.5,19.4,19.4,19.4,19.2,,,,,,,-3.9,-1.4,,
,,,,,114,40680,21.0,20.0,19.9,19.9,19.8,19.7,19.6,19.6,19.5,19.4,19.4,19.4,19.2,,,,,,,-3.9,-1.4,,
,,,,,115,41040,21.0,20.0,19.9,19.9,19.8,19.7,19.6,19.6,19.5,19.5,19.4,19.4,19.2,,,,,,,-3.9,-1.4,,
,,,,,116,41400,21.0,20.0,19.9,19.9,19.8,19.7,19.6,19.6,19.5,19.5,19.4,19.4,19.2,,,,,,,-3.9,-1.4,,
,,,,,117,41760,21.0,20.0,19.9,19.9,19.8,19.7,19.6,19.6,19.5,19.5,19.4,19.4,19.2,,,,,,,-3.9,-1.4,,
,,,,,118,42120,21.0,20.0,19.9,19.9,19.8,19.7,19.6,19.6,19.5,19.5,19.4,19.4,19.2,,,,,,,-3.9,-1.4,,
,,,,,119,42480,21.0,20.0,19.9,19.9,19.8,19.7,19.6,19.6,19.5,19.5,19.4,19.4,19.1,,,,,,,-3.9,-1.4,,
,,,,,120,42840,21.0,20.0,19.9,19.9,19.8,19.7,19.6,19.6,19.5,19.5,19.4,19.4,19.1,,,,,,,-3.9,-1.4,,
,,,,12:00,121,43200,21.0,20.0,19.9,19.9,19.8,19.7,19.7,19.6,19.5,19.5,19.4,19.4,19.1,,,,,,,-3.9,-1.4,,
,,,,,122,43560,21.0,20.0,19.9,19.9,19.8,19.7,19.7,19.6,19.5,19.5,19.4,19.4,19.0,,,,,,,-3.9,-1.4,,
,,,,,123,43920,21.0,20.0,19.9,19.9,19.8,19.7,19.7,19.6,19.5,19.5,19.4,19.4,19.0,,,,,,,-3.9,-1.4,,
,,,,,124,44280,21.0,20.0,19.9,19.9,19.8,19.7,19.7,19.6,19.5,19.5,19.4,19.4,19.0,,,,,,,-3.9,-1.4,,
,,,,,125,44640,21.0,20.0,19.9,19.9,19.8,19.7,19.7,19.6,19.5,19.5,19.4,19.4,18.9,,,,,,,-3.9,-1.4,,
,,,,,126,45000,21.0,20.0,19.9,19.9,19.8,19.7,19.7,19.6,19.5,19.5,19.4,19.3,18.9,,,,,,,-3.9,-1.4,,
,,,,,127,45360,21.0,20.0,19.9,19.9,19.8,19.7,19.7,19.6,19.5,19.5,19.4,19.3,18.9,,,,,,,-3.9,-1.4,,
,,,,,128,45720,21.0,20.0,19.9,19.9,19.8,19.7,19.7,19.6,19.5,19.5,19.4,19.3,18.8,,,,,,,-3.9,-1.4,,
,,,,,129,46080,21.0,20.0,19.9,19.9,19.8,19.7,19.7,19.6,19.5,19.5,19.4,19.3,18.8,,,,,,,-3.9,-1.4,,
,,,,,130,46440,21.0,20.0,19.9,19.9,19.8,19.7,19.7,19.6,19.5,19.5,19.4,19.3,18.8,,,,,,,-3.9,-1.4,,
,,,,13:00,131,46800,21.0,20.0,19.9,19.9,19.8,19.7,19.7,19.6,19.5,19.5,19.4,19.3,18.8,,,,,,,-3.9,-1.4,,
,,,,,132,47160,21.0,20.0,19.9,19.9,19.8,19.7,19.7,19.6,19.5,19.5,19.4,19.3,18.8,,,,,,,-3.9,-1.4,,
,,,,,133,47520,21.0,20.0,19.9,19.9,19.8,19.7,19.7,19.6,19.5,19.5,19.4,19.3,18.8,,,,,,,-3.9,-1.4,,
,,,,,134,47880,21.0,20.0,19.9,19.9,19.8,19.7,19.7,19.6,19.5,19.5,19.4,19.3,18.8,,,,,,,-3.9,-1.4,,
,,,,,135,48240,21.0,20.0,19.9,19.9,19.8,19.7,19.7,19.6,19.5,19.5,19.4,19.3,18.8,,,,,,,-3.9,-1.4,,
,,,,,136,48600,21.0,20.0,19.9,19.9,19.8,19.7,19.7,19.6,19.5,19.5,19.4,19.3,18.8,,,,,,,-3.9,-1.4,,
,,,,,137,48960,21.0,20.0,19.9,19.9,19.8,19.7,19.7,19.6,19.5,19.5,19.4,19.3,18.8,,,,,,,-3.9,-1.4,,
,,,,,138,49320,21.0,20.0,19.9,19.9,19.8,19.7,19.7,19.6,19.5,19.5,19.4,19.3,18.8,,,,,,,-3.9,-1.4,,
,,,,,139,49680,21.0,20.0,20.0,19.9,19.8,19.7,19.7,19.6,19.5,19.4,19.4,19.3,18.8,,,,,,,-3.9,-1.4,,
,,,,,140,50040,21.0,20.0,20.0,19.9,19.8,19.7,19.7,19.6,19.5,19.4,19.4,19.3,18.9,,,,,,,-3.9,-1.4,,
,,,,14:00,141,50400,21.0,20.0,20.0,19.9,19.8,19.7,19.7,19.6,19.5,19.4,19.4,19.3,18.9,,,,,,,-3.9,-1.4,,
,,,,,142,50760,21.0,20.0,20.0,19.9,19.8,19.7,19.7,19.6,19.5,19.4,19.4,19.3,18.9,,,,,,,-3.9,-1.4,,
,,,,,143,51120,21.0,20.0,20.0,19.9,19.8,19.7,19.7,19.6,19.5,19.4,19.4,19.3,18.9,,,,,,,-3.9,-1.4,,
,,,,,144,51480,21.0,20.0,20.0,19.9,19.8,19.7,19.7,19.6,19.5,19.4,19.4,19.3,18.9,,,,,,,-3.9,-1.4,,
,,,,,145,51840,21.0,20.0,20.0,19.9,19.8,19.7,19.7,19.6,19.5,19.4,19.4,19.3,18.9,,,,,,,-3.9,-1.4,,
,,,,,146,52200,21.0,20.0,20.0,19.9,19.8,19.7,19.7,19.6,19.5,19.4,19.4,19.3,18.9,,,,,,,-3.9,-1.4,,
,,,,,147,52560,21.0,20.0,20.0,19.9,19.8,19.7,19.7,19.6,19.5,19.4,19.4,19.3,18.9,,,,,,,-3.9,-1.4,,
,,,,,148,52920,21.0,20.0,20.0,19.9,19.8,19.7,19.7,19.6,19.5,19.4,19.4,19.3,18.9,,,,,,,-3.9,-1.4,,
,,,,,149,53280,21.0,20.0,20.0,19.9,19.8,19.7,19.7,19.6,19.5,19.4,19.4,19.3,18.8,,,,,,,-3.9,-1.4,,
,,,,,150,53640,21.0,20.0,20.0,19.9,19.8,19.7,19.7,19.6,19.5,19.4,19.4,19.3,18.8,,,,,,,-3.9,-1.4,,
,,,,15:00,151,54000,21.0,20.0,20.0,19.9,19.8,19.7,19.7,19.6,19.5,19.4,19.4,19.3,18.8,,,,,,,-3.9,-1.4,,
,,,,,152,54360,21.0,20.0,20.0,19.9,19.8,19.7,19.7,19.6,19.5,19.4,19.4,19.3,18.7,,,,,,,-3.9,-1.4,,
,,,,,153,54720,21.0,20.0,20.0,19.9,19.8,19.7,19.7,19.6,19.5,19.4,19.4,19.3,18.7,,,,,,,-3.9,-1.4,,
,,,,,154,55080,21.0,20.0,20.0,19.9,19.8,19.7,19.7,19.6,19.5,19.4,19.4,19.3,18.6,,,,,,,-3.9,-1.4,,
,,,,,155,55440,21.0,20.0,20.0,19.9,19.8,19.7,19.7,19.6,19.5,19.4,19.4,19.3,18.6,,,,,,,-3.9,-1.4,,
,,,,,156,55800,21.0,20.0,20.0,19.9,19.8,19.7,19.7,19.6,19.5,19.4,19.3,19.2,18.5,,,,,,,-3.9,-1.4,,
,,,,,157,56160,21.0,20.0,20.0,19.9,19.8,19.7,19.7,19.6,19.5,19.4,19.3,19.2,18.5,,,,,,,-3.9,-1.4,,
,,,,,158,56520,21.0,20.0,20.0,19.9,19.8,19.7,19.7,19.6,19.5,19.4,19.3,19.2,18.5,,,,,,,-3.9,-1.4,,
,,,,,159,56880,21.0,20.0,20.0,19.9,19.8,19.7,19.7,19.6,19.5,19.4,19.3,19.2,18.4,,,,,,,-3.9,-1.4,,
,,,,,160,57240,21.0,20.0,20.0,19.9,19.8,19.7,19.7,19.6,19.5,19.4,19.3,19.2,18.4,,,,,,,-3.9,-1.4,,
,,,,16:00,161,57600,21.0,20.0,20.0,19.9,19.8,19.7,19.7,19.6,19.5,19.4,19.3,19.2,18.3,,,,,,,-3.9,-1.4,,
,,,,,162,57960,21.0,20.0,20.0,19.9,19.8,19.7,19.7,19.6,19.5,19.4,19.3,19.2,18.3,,,,,,,-3.9,-1.4,,
,,,,,163,58320,21.0,20.0,20.0,19.9,19.8,19.7,19.7,19.6,19.5,19.4,19.3,19.1,18.3,,,,,,,-3.9,-1.4,,
,,,,,164,58680,21.0,20.0,20.0,19.9,19.8,19.7,19.7,19.6,19.5,19.4,19.3,19.1,18.3,,,,,,,-3.9,-1.4,,
,,,,,165,59040,21.0,20.0,20.0,19.9,19.8,19.7,19.7,19.6,19.5,19.4,19.3,19.1,18.2,,,,,,,-3.9,-1.4,,
,,,,,166,59400,21.0,20.0,20.0,19.9,19.8,19.7,19.7,19.6,19.5,19.4,19.3,19.1,18.2,,,,,,,-3.9,-1.4,,
,,,,,167,59760,21.0,20.0,20.0,19.9,19.8,19.7,19.7,19.6,19.5,19.4,19.2,19.1,18.2,,,,,,,-3.9,-1.4,,
,,,,,168,60120,21.0,20.0,20.0,19.9,19.8,19.7,19.6,19.6,19.5,19.4,19.2,19.1,18.2,,,,,,,-3.9,-1.4,,
,,,,,169,60480,21.0,20.0,20.0,19.9,19.8,19.7,19.6,19.6,19.5,19.3,19.2,19.1,18.2,,,,,,,-3.9,-1.4,,
,,,,,170,60840,21.0,20.0,20.0,19.9,19.8,19.7,19.6,19.6,19.5,19.3,19.2,19.1,18.2,,,,,,,-3.9,-1.4,,
,,,,17:00,171,61200,21.0,20.0,20.0,19.9,19.8,19.7,19.6,19.5,19.4,19.3,19.2,19.1,18.1,,,,,,,-3.9,-1.4,,
,,,,,172,61560,21.0,20.0,20.0,19.9,19.8,19.7,19.6,19.5,19.4,19.3,19.2,19.1,18.1,,,,,,,-3.9,-1.4,,
,,,,,173,61920,21.0,20.0,20.0,19.9,19.8,19.7,19.6,19.5,19.4,19.3,19.2,19.0,18.1,,,,,,,-3.9,-1.4,,
,,,,,174,62280,21.0,20.0,20.0,19.9,19.8,19.7,19.6,19.5,19.4,19.3,19.2,19.0,18.1,,,,,,,-3.9,-1.4,,
,,,,,175,62640,21.0,20.0,20.0,19.9,19.8,19.7,19.6,19.5,19.4,19.3,19.2,19.0,18.1,,,,,,,-3.9,-1.4,,
,,,,,176,63000,21.0,20.0,20.0,19.9,19.8,19.7,19.6,19.5,19.4,19.3,19.2,19.0,18.1,,,,,,,-3.9,-1.4,,
,,,,,177,63360,21.0,20.0,20.0,19.9,19.8,19.7,19.6,19.5,19.4,19.3,19.2,19.0,18.1,,,,,,,-3.9,-1.4,,
,,,,,178,63720,21.0,20.0,20.0,19.9,19.8,19.7,19.6,19.5,19.4,19.3,19.2,19.0,18.1,,,,,,,-3.9,-1.4,,
,,,,,179,64080,21.0,20.0,19.9,19.9,19.8,19.7,19.6,19.5,19.4,19.3,19.1,19.0,18.1,,,,,,,-3.9,-1.4,,
,,,,,180,64440,21.0,20.0,19.9,19.9,19.8,19.7,19.6,19.5,19.4,19.3,19.1,19.0,18.1,,,,,,,-3.9,-1.4,,
,,,,18:00,181,64800,21.0,20.0,19.9,19.9,19.8,19.7,19.6,19.5,19.4,19.3,19.1,19.0,18.1,,,,,,,-3.9,-1.4,,
,,,,,182,65160,21.0,20.0,19.9,19.9,19.8,19.7,19.6,19.5,19.4,19.3,19.1,19.0,18.1,,,,,,,-3.9,-1.4,,
,,,,,183,65520,21.0,20.0,19.9,19.9,19.8,19.7,19.6,19.5,19.4,19.3,19.1,19.0,18.1,,,,,,,-3.9,-1.4,,
,,,,,184,65880,21.0,20.0,19.9,19.9,19.8,19.7,19.6,19.5,19.4,19.3,19.1,19.0,18.1,,,,,,,-3.9,-1.4,,
,,,,,185,66240,21.0,20.0,19.9,19.9,19.8,19.7,19.6,19.5,19.4,19.2,19.1,19.0,18.0,,,,,,,-3.9,-1.4,,
,,,,,186,66600,21.0,20.0,19.9,19.9,19.8,19.7,19.6,19.5,19.4,19.2,19.1,19.0,18.0,,,,,,,-3.9,-1.4,,
,,,,,187,66960,21.0,20.0,19.9,19.9,19.8,19.7,19.6,19.5,19.4,19.2,19.1,18.9,18.0,,,,,,,-3.9,-1.4,,
,,,,,188,67320,21.0,20.0,19.9,19.9,19.8,19.7,19.6,19.5,19.4,19.2,19.1,18.9,18.0,,,,,,,-3.9,-1.4,,
,,,,,189,67680,21.0,20.0,19.9,19.9,19.8,19.7,19.6,19.5,19.4,19.2,19.1,18.9,18.0,,,,,,,-4.0,-1.4,,
,,,,,190,68040,21.0,20.0,19.9,19.8,19.8,19.7,19.6,19.5,19.3,19.2,19.1,18.9,18.0,,,,,,,-4.0,-1.4,,
,,,,19:00,191,68400,21.0,20.0,19.9,19.8,19.8,19.7,19.6,19.5,19.3,19.2,19.1,18.9,17.9,,,,,,,-4.0,-1.4,,
,,,,,192,68760,21.0,20.0,19.9,19.8,19.8,19.7,19.6,19.5,19.3,19.2,19.1,18.9,17.9,,,,,,,-4.0,-1.4,,
,,,,,193,69120,21.0,20.0,19.9,19.8,19.8,19.7,19.6,19.4,19.3,19.2,19.1,18.9,17.9,,,,,,,-4.0,-1.4,,
,,,,,194,69480,21.0,20.0,19.9,19.8,19.8,19.7,19.6,19.4,19.3,19.2,19.0,18.9,17.9,,,,,,,-4.0,-1.4,,
,,,,,195,69840,21.0,20.0,19.9,19.8,19.7,19.7,19.6,19.4,19.3,19.2,19.0,18.9,17.8,,,,,,,-4.0,-1.4,,
,,,,,196,70200,21.0,20.0,19.9,19.8,19.7,19.7,19.5,19.4,19.3,19.2,19.0,18.9,17.8,,,,,,,-4.0,-1.4,,
,,,,,197,70560,21.0,20.0,19.9,19.8,19.7,19.6,19.5,19.4,19.3,19.2,19.0,18.9,17.8,,,,,,,-4.0,-1.4,,
,,,,,198,70920,21.0,20.0,19.9,19.8,19.7,19.6,19.5,19.4,19.3,19.2,19.0,18.8,17.8,,,,,,,-4.0,-1.5,,
,,,,,199,71280,21.0,20.0,19.9,19.8,19.7,19.6,19.5,19.4,19.3,19.2,19.0,18.8,17.8,,,,,,,-4.0,-1.5,,
,,,,,200,71640,21.0,20.0,19.9,19.8,19.7,19.6,19.5,19.4,19.3,19.2,19.0,18.8,17.8,,,,,,,-4.0,-1.5,,
,,,,20:00,201,72000,21.0,20.0,19.9,19.8,19.7,19.6,19.5,19.4,19.3,19.1,19.0,18.8,17.8,,,,,,,-4.1,-1.5,,
,,,,,202,72360,21.0,20.0,19.9,19.8,19.7,19.6,19.5,19.4,19.3,19.1,19.0,18.8,17.8,,,,,,,-4.1,-1.5,,
,,,,,203,72720,21.0,20.0,19.9,19.8,19.7,19.6,19.5,19.4,19.3,19.1,19.0,18.8,17.8,,,,,,,-4.1,-1.5,,
,,,,,204,73080,21.0,20.0,19.9,19.8,19.7,19.6,19.5,19.4,19.3,19.1,19.0,18.8,17.8,,,,,,,-4.1,-1.5,,
,,,,,205,73440,21.0,20.0,19.9,19.8,19.7,19.6,19.5,19.4,19.3,19.1,19.0,18.8,17.9,,,,,,,-4.1,-1.5,,
,,,,,206,73800,21.0,20.0,19.9,19.8,19.7,19.6,19.5,19.4,19.3,19.1,19.0,18.8,17.9,,,,,,,-4.1,-1.5,,
,,,,,207,74160,21.0,20.0,19.9,19.8,19.7,19.6,19.5,19.4,19.2,19.1,19.0,18.8,17.9,,,,,,,-4.1,-1.5,,
,,,,,208,74520,21.0,20.0,19.9,19.8,19.7,19.6,19.5,19.4,19.2,19.1,19.0,18.8,17.9,,,,,,,-4.1,-1.5,,
,,,,,209,74880,21.0,20.0,19.9,19.8,19.7,19.6,19.5,19.4,19.2,19.1,19.0,18.8,17.9,,,,,,,-4.1,-1.5,,
,,,,,210,75240,21.0,20.0,19.9,19.8,19.7,19.6,19.5,19.4,19.2,19.1,19.0,18.8,17.9,,,,,,,-4.1,-1.5,,
,,,,21:00,211,75600,21.0,20.0,19.9,19.8,19.7,19.6,19.5,19.4,19.2,19.1,18.9,18.8,17.9,,,,,,,-4.2,-1.5,,
,,,,,212,75960,21.0,20.0,19.9,19.8,19.7,19.6,19.5,19.4,19.2,19.1,18.9,18.8,17.9,,,,,,,-4.2,-1.5,,
,,,,,213,76320,21.0,20.0,19.9,19.8,19.7,19.6,19.5,19.4,19.2,19.1,18.9,18.8,17.9,,,,,,,-4.2,-1.5,,
,,,,,214,76680,21.0,20.0,19.9,19.8,19.7,19.6,19.5,19.3,19.2,19.1,18.9,18.8,17.9,,,,,,,-4.2,-1.5,,
,,,,,215,77040,21.0,20.0,19.9,19.8,19.7,19.6,19.5,19.3,19.2,19.1,18.9,18.8,17.9,,,,,,,-4.2,-1.5,,
,,,,,216,77400,21.0,19.9,19.9,19.8,19.7,19.6,19.5,19.3,19.2,19.1,18.9,18.8,17.9,,,,,,,-4.2,-1.5,,
,,,,,217,77760,21.0,19.9,19.9,19.8,19.7,19.6,19.5,19.3,19.2,19.1,18.9,18.8,17.9,,,,,,,-4.2,-1.5,,
,,,,,218,78120,21.0,19.9,19.9,19.8,19.7,19.6,19.5,19.3,19.2,19.1,18.9,18.8,17.9,,,,,,,-4.2,-1.5,,
,,,,,219,78480,21.0,19.9,19.9,19.8,19.7,19.6,19.5,19.3,19.2,19.1,18.9,18.8,17.9,,,,,,,-4.2,-1.5,,
,,,,,220,78840,21.0,19.9,19.9,19.8,19.7,19.6,19.4,19.3,19.2,19.1,18.9,18.8,17.9,,,,,,,-4.3,-1.5,,
,,,,22:00,221,79200,21.0,19.9,19.8,19.8,19.7,19.6,19.4,19.3,19.2,19.1,18.9,18.8,17.9,,,,,,,-4.3,-1.5,,
,,,,,222,79560,21.0,19.9,19.8,19.8,19.7,19.6,19.4,19.3,19.2,19.1,18.9,18.8,17.9,,,,,,,-4.3,-1.5,,
,,,,,223,79920,21.0,19.9,19.8,19.8,19.7,19.5,19.4,19.3,19.2,19.1,18.9,18.8,17.9,,,,,,,-4.3,-1.5,,
,,,,,224,80280,21.0,19.9,19.8,19.7,19.7,19.5,19.4,19.3,19.2,19.1,18.9,18.8,17.9,,,,,,,-4.3,-1.5,,
,,,,,225,80640,21.0,19.9,19.8,19.7,19.6,19.5,19.4,19.3,19.2,19.0,18.9,18.8,18.0,,,,,,,-4.3,-1.6,,
,,,,,226,81000,21.0,19.9,19.8,19.7,19.6,19.5,19.4,19.3,19.2,19.0,18.9,18.8,18.0,,,,,,,-4.3,-1.6,,
,,,,,227,81360,21.0,19.9,19.8,19.7,19.6,19.5,19.4,19.3,19.2,19.0,18.9,18.8,18.0,,,,,,,-4.3,-1.6,,
,,,,,228,81720,21.0,19.9,19.8,19.7,19.6,19.5,19.4,19.3,19.2,19.0,18.9,18.8,18.0,,,,,,,-4.3,-1.6,,
,,,,,229,82080,21.0,19.9,19.8,19.7,19.6,19.5,19.4,19.3,19.2,19.0,18.9,18.8,18.0,,,,,,,-4.4,-1.6,,
,,,,,230,82440,21.0,19.9,19.8,19.7,19.6,19.5,19.4,19.3,19.2,19.0,18.9,18.8,18.0,,,,,,,-4.4,-1.6,,
,,,,23:00,231,82800,21.0,19.9,19.8,19.7,19.6,19.5,19.4,19.3,19.2,19.0,18.9,18.8,18.0,,,,,,,-4.4,-1.6,,
,,,,,232,83160,21.0,19.9,19.8,19.7,19.6,19.5,19.4,19.3,19.2,19.0,18.9,18.8,18.0,,,,,,,-4.4,-1.6,,
,,,,,233,83520,21.0,19.9,19.8,19.7,19.6,19.5,19.4,19.3,19.2,19.0,18.9,18.8,18.0,,,,,,,-4.4,-1.6,,
,,,,,234,83880,21.0,19.9,19.8,19.7,19.6,19.5,19.4,19.3,19.2,19.0,18.9,18.8,18.0,,,,,,,-4.4,-1.6,,
,,,,,235,84240,21.0,19.9,19.8,19.7,19.6,19.5,19.4,19.3,19.2,19.0,18.9,18.8,18.0,,,,,,,-4.4,-1.6,,
,,,,,236,84600,21.0,19.9,19.8,19.7,19.6,19.5,19.4,19.3,19.2,19.0,18.9,18.8,18.0,,,,,,,-4.4,-1.6,,
,,,,,237,84960,21.0,19.9,19.8,19.7,19.6,19.5,19.4,19.3,19.2,19.0,18.9,18.8,18.0,,,,,,,-4.4,-1.6,,
,,,,,238,85320,21.0,19.9,19.8,19.7,19.6,19.5,19.4,19.3,19.2,19.0,18.9,18.8,18.0,,,,,,,-4.5,-1.6,,
,,,,,239,85680,21.0,19.9,19.8,19.7,19.6,19.5,19.4,19.3,19.2,19.0,18.9,18.8,17.9,,,,,,,-4.5,-1.6,,
,,,,,240,86040,21.0,19.9,19.8,19.7,19.6,19.5,19.4,19.3,19.2,19.0,18.9,18.8,17.9,,,,,,,-4.5,-1.6,,
,,,,00:00,,,,,,,,,,,,,,,,,,,,,,total energy flow from(-) or into(+) the system (kJ/m^2),-338.54,,
