time (s),heat_flux_w(W/m^2),energy_flow_w(kJ/m^2),heat_flux_s(W/m^2),energy_flow_s(kJ/m^2)
0,-3.559094694,-1.28127409,10.2255992,3.681215711
360,-3.564551274,-1.283238459,10.21269023,3.676568482
720,-3.570282113,-1.285301561,10.19943848,3.671797852
1080,-3.576277205,-1.287459794,10.1858625,3.666910499
1440,-3.582526887,-1.289709679,10.17198031,3.661912913
1800,-3.589021864,-1.292047871,10.15780953,3.656811432
2160,-3.595753088,-1.294471112,10.14336729,3.651612226
2520,-3.602711782,-1.296976241,10.12867035,3.646321328
2880,-3.609889334,-1.29956016,10.11373506,3.640944621
3240,-3.617277314,-1.302219833,10.09857741,3.635487868
3600,-3.62486738,-1.304952257,10.08321306,3.629956703
3960,-3.631965718,-1.307507659,10.06805461,3.624499661
4320,-3.639625294,-1.310265106,10.05251265,3.618904553
4680,-3.645887095,-1.312519354,10.03772442,3.61358079
5040,-3.65322891,-1.315162408,10.0222871,3.608023357
5400,-3.658423317,-1.317032394,10.00806062,3.602901825
5760,-3.665170629,-1.319461426,9.992942766,3.597459396
6120,-3.669305051,-1.320949818,9.979325292,3.592557105
6480,-3.675329251,-1.32311853,9.964645297,3.587272307
6840,-3.678553179,-1.324279145,9.951588974,3.582572031
7200,-3.68385574,-1.326188066,9.937375364,3.577455131
7560,-3.686389575,-1.327100247,9.924775549,3.572919198
7920,-3.691065857,-1.328783709,9.91098675,3.56795523
8280,-3.693154248,-1.329535529,9.898708803,3.563535169
8640,-3.697355963,-1.331048147,9.885255618,3.558692023
9000,-3.699237858,-1.331725629,9.873153656,3.554335316
9360,-3.703140268,-1.333130496,9.859920129,3.549571247
9720,-3.7050292,-1.333810512,9.84785074,3.545226266
10080,-3.708804446,-1.3351696,9.834712048,3.540496337
10440,-3.710874884,-1.335914958,9.822544863,3.536116151
10800,-3.714671034,-1.337281572,9.809382109,3.531377559
11160,-3.717048367,-1.338137412,9.797008357,3.526923009
11520,-3.720973246,-1.339550368,9.78372059,3.522139412
11880,-3.723726436,-1.340541517,9.771059906,3.517581566
12240,-3.72783737,-1.342021453,9.757572065,3.512725943
12600,-3.730978002,-1.343152081,9.744574274,3.508046739
12960,-3.73528103,-1.344701171,9.730837941,3.503101659
13320,-3.738770024,-1.345957209,9.717478638,3.49829231
13680,-3.743227176,-1.347561783,9.703466519,3.493247947
14040,-3.746987038,-1.348915334,9.689738104,3.488305717
14400,-3.751528786,-1.350550363,9.675434485,3.483156415
14760,-3.755458861,-1.35196519,9.661334688,3.478080488
15120,-3.759999157,-1.353599697,9.646723864,3.472820591
15480,-3.763991858,-1.355037069,9.632243476,3.467607651
15840,-3.768443359,-1.356639609,9.617298919,3.462227611
16200,-3.772398335,-1.358063401,9.602413771,3.456868958
16560,-3.776684357,-1.359606368,9.587094161,3.451353898
16920,-3.780518505,-1.360986662,9.571765009,3.445835403
17280,-3.784581022,-1.362449168,9.556017721,3.44016638
17640,-3.788234695,-1.36376449,9.540196722,3.43447082
18000,-3.79203913,-1.365134087,9.523966589,3.428627972
18360,-3.795479534,-1.366372632,9.507607865,3.422738831
18720,-3.799017303,-1.367646229,9.490848854,3.416705587
19080,-3.802240032,-1.368806411,9.473921013,3.410611565
19440,-3.805529344,-1.369990564,9.456608531,3.404379071
19800,-3.808557511,-1.371080704,9.439105513,3.398077985
20160,-3.811640851,-1.372190707,9.421244435,3.391647996
20520,-3.814520547,-1.373227397,9.403190688,3.385148648
20880,-3.817458722,-1.37428514,9.384817557,3.378534321
21240,-3.820251567,-1.375290564,9.366267855,3.371856428
21600,-3.823115478,-1.376321572,9.347448539,3.365081474
21960,-3.825889553,-1.377320239,9.328484104,3.358254278
22320,-3.828750895,-1.378350322,9.309308613,3.351351101
22680,-3.831571108,-1.379365599,9.290031157,3.344411217
23040,-3.834492986,-1.380417475,9.270606924,3.337418493
23400,-3.837412245,-1.381468408,9.251131151,3.330407214
23760,-3.840441838,-1.382559062,9.23157428,3.323366741
24120,-3.843495198,-1.383658271,9.212017998,3.316326479
24480,-3.846659603,-1.384797457,9.192442293,3.309279225
24840,-3.849861466,-1.385950128,9.172914727,3.302249302
25200,-3.853166226,-1.387139841,9.15341944,3.295230998
25560,-3.856509811,-1.388343532,9.134008773,3.288243158
25920,-3.859939268,-1.389578136,9.114666088,3.281279792
26280,-3.863397511,-1.390823104,9.095427133,3.274353768
26640,-3.866916254,-1.392089852,9.076270224,3.267457281
27000,-3.870443811,-1.393359772,9.057214856,3.260597348
27360,-3.873999713,-1.394639897,9.038234143,3.253764292
27720,-3.877537106,-1.395913358,9.019335391,3.246960741
28080,-3.881066602,-1.397183977,9.00049043,3.240176555
28440,-3.884546401,-1.398436704,8.981701469,3.233412529
28800,-3.887981429,-1.399673314,8.962945702,3.226660453
29160,-3.891335647,-1.400880833,8.944229041,3.219922455
29520,-3.894611365,-1.402060091,8.92554208,3.213195149
29880,-3.897779279,-1.403200541,8.906903841,3.206485383
30240,-3.900841895,-1.404303082,8.888326764,3.199797635
30600,-3.903777511,-1.405359904,8.869851355,3.193146488
30960,-3.90659063,-1.406372627,8.851517148,3.186546173
31320,-3.909267148,-1.407336173,8.833390205,3.180020474
31680,-3.911814229,-1.408253122,8.815538357,3.173593809
32040,-3.914224542,-1.409120835,8.798053282,3.167299181
32400,-3.916507719,-1.409942779,8.781029173,3.161170502
32760,-3.918661859,-1.410718269,8.764580653,3.155249035
33120,-3.920698313,-1.411451393,8.748824399,3.149576784
33480,-3.922619015,-1.412142845,8.733893768,3.144201756
33840,-3.924435996,-1.412796959,8.719923044,3.139172296
34200,-3.926153384,-1.413415218,8.707059284,3.134541342
34560,-3.927782825,-1.414001817,8.695448131,3.130361327
34920,-3.929329198,-1.414558511,8.685243464,3.126687647
35280,-3.93080285,-1.415089026,8.676594464,3.123574007
35640,-3.932208235,-1.415594965,8.669653555,3.12107528
36000,-3.933553645,-1.416079312,8.664564693,3.119243289
36360,-3.934842174,-1.416543183,8.66146996,3.118129186
36720,-3.936079453,-1.416988603,8.660499103,3.117779677
37080,-3.937266467,-1.417415928,8.661775029,3.11823901
37440,-3.938405703,-1.417826053,8.665404591,3.119545653
37800,-3.939495443,-1.418218359,8.671483203,3.121733953
38160,-3.940534731,-1.418592503,8.680087527,3.12483151
38520,-3.94151888,-1.418946797,8.691279721,3.1288607
38880,-3.942443512,-1.419279664,8.705101798,3.133836647
39240,-3.943301036,-1.419588373,8.721579675,3.139768683
39600,-3.94408392,-1.419870211,8.740718792,3.146658765
39960,-3.944781957,-1.420121505,8.762507955,3.154502864
40320,-3.945384901,-1.420338564,8.786915887,3.163289719
40680,-3.945880341,-1.420516923,8.813894803,3.173002129
41040,-3.946255825,-1.420652097,8.843377666,3.18361596
41400,-3.946497213,-1.420738997,8.875281438,3.195101318
41760,-3.9465905,-1.42077258,8.909505572,3.207422006
42120,-3.946520844,-1.420747504,8.945936659,3.220537197
42480,-3.946274085,-1.420658671,8.984447505,3.234401102
42840,-3.945836411,-1.420501108,9.024903455,3.248965244
43200,-3.945195549,-1.420270398,9.067161487,3.264178135
43560,-3.944340927,-1.419962734,9.111077755,3.279987992
43920,-3.943264557,-1.41957524,9.156506462,3.296342326
44280,-3.941961529,-1.419106151,9.203308001,3.31319088
44640,-3.940430639,-1.41855503,9.251347597,3.330485135
45000,-3.938675073,-1.417923026,9.300503497,3.348181259
45360,-3.936702754,-1.417212991,9.350665172,3.366239462
45720,-3.934526347,-1.416429485,9.401738256,3.384625772
46080,-3.932163308,-1.415578791,9.453642147,3.403311173
46440,-3.929635158,-1.414668657,9.506311539,3.422272154
46800,-3.926967327,-1.413708238,9.559693707,3.441489734
47160,-3.924187916,-1.41270765,9.613747507,3.460949103
47520,-3.921327445,-1.41167788,9.668440637,3.480638629
47880,-3.918417329,-1.410630239,9.723747061,3.500548942
48240,-3.91548959,-1.409576252,9.77964443,3.520671995
48600,-3.912575239,-1.408527086,9.836110672,3.540999842
48960,-3.90970399,-1.407493437,9.893121693,3.561523809
49320,-3.906902934,-1.406485056,9.950649019,3.582233647
49680,-3.904196567,-1.405510764,10.0086594,3.603117384
50040,-3.901605717,-1.404578058,10.06711321,3.624160756
50400,-3.899147956,-1.403693264,10.12596623,3.645347844
50760,-3.896836662,-1.402861198,10.18516828,3.66666058
51120,-3.894681744,-1.402085428,10.24466668,3.688080006
51480,-3.892688783,-1.401367962,10.30440489,3.70958576
51840,-3.89085995,-1.400709582,10.36432702,3.731157726
52200,-3.88919321,-1.400109556,10.42437632,3.752775474
52560,-3.887683328,-1.399565998,10.48450028,3.774420102
52920,-3.886321235,-1.399075645,10.54464872,3.79607354
53280,-3.88509553,-1.398634391,10.60477762,3.817719942
53640,-3.883991927,-1.398237094,10.66484715,3.839344975
54000,-3.88299524,-1.397878287,10.72482392,3.860936611
54360,-3.882088841,-1.397551983,10.78467918,3.882484505
54720,-3.881256951,-1.397252502,10.84438965,3.903980273
55080,-3.880484071,-1.396974265,10.90393613,3.925417006
55440,-3.879757404,-1.396712665,10.96330325,3.946789169
55800,-3.879066262,-1.396463854,11.02247849,3.968092256
56160,-3.878404462,-1.396225606,11.08145125,3.989322452
56520,-3.877769698,-1.395997091,11.14021225,4.010476411
56880,-3.877165063,-1.395779423,11.19875275,4.03155099
57240,-3.876598093,-1.395575313,11.25706449,4.052543217
57600,-3.876081488,-1.395389336,11.31513926,4.073450135
57960,-3.875631813,-1.395227453,11.37296928,4.094268941
58320,-3.875269702,-1.395097093,11.43054694,4.1149969
58680,-3.875018325,-1.395006597,11.48786559,4.135631612
59040,-3.874903303,-1.394965189,11.54491934,4.156170962
59400,-3.874951078,-1.394982388,11.60170405,4.176613457
59760,-3.875188683,-1.395067926,11.6582172,4.196958192
60120,-3.875642125,-1.395231165,11.71445894,4.217205219
60480,-3.876336286,-1.395481063,11.7704314,4.237355303
60840,-3.877293821,-1.395825776,11.82613836,4.257409809
61200,-3.8785351,-1.396272636,11.88158445,4.277370401
61560,-3.880077727,-1.396827982,11.93677322,4.297238359
61920,-3.88193642,-1.397497111,11.99170655,4.317014357
62280,-3.88412306,-1.398284302,12.04638144,4.33669732
62640,-3.886646473,-1.39919273,12.10078986,4.356284349
63000,-3.88951285,-1.400224626,12.1549147,4.375769291
63360,-3.892725439,-1.401381158,12.20872999,4.395142796
63720,-3.896285196,-1.402662671,12.26219655,4.414390759
64080,-3.900190424,-1.404068553,12.31526275,4.43349459
64440,-3.904437556,-1.40559752,12.36786285,4.452430628
64800,-3.909020771,-1.407247478,12.41991834,4.471170604
65160,-3.913932835,-1.40901582,12.47133916,4.489682097
65520,-3.919164714,-1.410899297,12.52202523,4.507929084
65880,-3.924706416,-1.41289431,12.57186988,4.525873155
66240,-3.930546619,-1.414996783,12.62076127,4.543474056
66600,-3.936673473,-1.41720245,12.66858708,4.56069135
66960,-3.943074253,-1.419506731,12.71523584,4.577484903
67320,-3.949736097,-1.421904995,12.76060208,4.59381675
67680,-3.956645699,-1.424392452,12.80458747,4.60965149
68040,-3.96379,-1.4269644,12.84710494,4.624957779
68400,-3.971155954,-1.429616143,12.88807848,4.639708252
68760,-3.978731156,-1.432343216,12.92744634,4.653880682
69120,-3.986503693,-1.43514133,12.96515935,4.667457366
69480,-3.994462691,-1.438006569,13.00118363,4.680426106
69840,-4.002598232,-1.440935364,13.03549771,4.692779176
70200,-4.010901828,-1.443924658,13.06809501,4.704514204
70560,-4.019366379,-1.446971896,13.09898023,4.715632885
70920,-4.027986583,-1.45007517,13.12817166,4.726141799
71280,-4.036758922,-1.453233212,13.15569726,4.736051012
71640,-4.045681893,-1.456445482,13.18159661,4.74537478
72000,-4.054755586,-1.459712011,13.20591642,4.754129911
72360,-4.063981839,-1.463033462,13.22871221,4.762336396
72720,-4.073363341,-1.466410803,13.2500433,4.770015588
73080,-4.082903812,-1.469845372,13.26997442,4.777190792
73440,-4.092606747,-1.473338429,13.28857045,4.783885361
73800,-4.10247566,-1.476891238,13.30589798,4.790123272
74160,-4.112512626,-1.480504546,13.32202008,4.79592723
74520,-4.122718584,-1.48417869,13.33699786,4.801319229
74880,-4.133091804,-1.48791305,13.3508854,4.806318743
75240,-4.143628267,-1.491706176,13.36373134,4.810943284
75600,-4.154320728,-1.495555462,13.37557548,4.815207172
75960,-4.165159328,-1.499457358,13.3864506,4.819122217
76320,-4.176131243,-1.503407248,13.39638065,4.822697034
76680,-4.187221509,-1.507399743,13.40538292,4.825937849
77040,-4.198413065,-1.511428703,13.41346721,4.828848197
77400,-4.209687718,-1.515487578,13.42063831,4.831429791
77760,-4.221026405,-1.519569506,13.42689573,4.833682461
78120,-4.232410212,-1.523667676,13.4322362,4.835605033
78480,-4.243820739,-1.527775466,13.43665389,4.837195399
78840,-4.255241106,-1.531886798,13.44014268,4.838451364
79200,-4.266656094,-1.535996194,13.44269631,4.83937067
79560,-4.278052605,-1.540098938,13.44430991,4.839951569
79920,-4.289419708,-1.544191095,13.44498009,4.840192833
80280,-4.300748446,-1.548269441,13.44470556,4.840094001
80640,-4.312031927,-1.552331494,13.4434873,4.839655428
81000,-4.323264596,-1.556375255,13.44132849,4.838878256
81360,-4.334442435,-1.560399277,13.43823478,4.837764521
81720,-4.345561875,-1.564402275,13.43421369,4.836316928
82080,-4.356620097,-1.568383235,13.42927501,4.834539005
82440,-4.367613757,-1.572340953,13.42342989,4.832434761
82800,-4.378539413,-1.576274189,13.41669135,4.830008887
83160,-4.389392581,-1.580181329,13.40907336,4.827266409
83520,-4.400168244,-1.584060568,13.40059143,4.824212916
83880,-4.410860341,-1.587909723,13.39126184,4.820854261
84240,-4.421462274,-1.591726419,13.38110218,4.817196786
84600,-4.431966765,-1.595508035,13.37013079,4.813247084
84960,-4.442366311,-1.599251872,13.35836723,4.809012204
85320,-4.452653293,-1.602955185,13.34583185,4.804499464
85680,-4.462820367,-1.606615332,13.33254622,4.799716639
86040,-4.472860728,-1.610229862,13.3185328,4.794671809
